<?xml version="1.0" encoding="UTF-8"?>
<ListView xmlns="http://soap.sforce.com/2006/04/metadata">
    <fullName>Financial_Service_Accounts</fullName>
    <columns>ACCOUNT.NAME</columns>
    <columns>ACCOUNT.SITE</columns>
    <columns>ACCOUNT.ADDRESS1_STATE</columns>
    <columns>ACCOUNT.PHONE1</columns>
    <columns>ACCOUNT.TYPE</columns>
    <columns>CORE.USERS.ALIAS</columns>
    <columns>ACCOUNT.URL</columns>
    <columns>ACCOUNT.SALES</columns>
    <filterScope>Mine</filterScope>
    <filters>
        <field>ACCOUNT.INDUSTRY</field>
        <operation>equals</operation>
        <value>Financial Services</value>
    </filters>
    <label>Financial Service Accounts</label>
</ListView>
